temperatura_cabeza_F_diff,temperatura_cabeza_F,dosis_IC_ppm_diff,dosis_IC_ppm,agua_BAPD,mpy
0.0,98.0352725,0.0,39.4364439,1437.15721,0.998794044
16.764727499999992,114.8,-11.52802508,27.90841882,409.0273632,7.577549882
-10.799999999999995,104.0,-27.90841882,0.0,1108.000008,14.95569056
3.5999999999999943,107.6,85.0,85.0,755.97588,10.08854889
0.0,107.6,-45.0,40.0,639.03936,1.528931141
-12.599999999999994,95.0,-4.73750123,35.26249877,976.58561,6.848937745
6.725657499999997,101.7256575,-35.26249877,0.0,401.33632,0.820601455
-1.3256574999999913,100.4,120.0,120.0,648.027045,1.833481095
-14.400000000000006,86.0,-40.0,80.0,561.8543451,15.21648516
9.0,95.0,-44.7613893,35.2386107,829.941672,14.83451346
9.0,104.0,-35.2386107,0.0,233.48358,1.290582289
-9.0,95.0,95.13364148,95.13364148,1618.8,15.33591319
27.0,122.0,-95.13364148,0.0,1043.84864,12.5371739
-18.0,104.0,40.0,40.0,392.54854,11.18483248
-3.5999999999999943,100.4,-2.394115560000003,37.60588444,1148.56,5.221319545
14.399999999999991,114.8,-37.60588444,0.0,973.0338582,9.57908154
-14.440091699999996,100.3599083,38.28531553,38.28531553,892.717082,14.93809895
-7.159908299999998,93.2,71.71468447000001,110.0,564.35927,5.817330158
5.333911169999993,98.53391117,-71.12779133000001,38.87220867,1328.5701,7.120207445
-8.933911170000002,89.6,-6.872208669999999,32.0,279.18891,0.760638773
21.60000000000001,111.2,68.0,100.0,728.0135,1.872523971
1.7999999999999972,113.0,-20.0,80.0,432.82704,6.315049216
-20.52,92.48,-58.22736411,21.77263589,279.38436,11.444
2.519999999999996,95.0,-6.39184378,15.38079211,151.3296,1.041435274
9.0,104.0,5.61920789,21.0,652.292342,0.704322553
3.5999999999999943,107.6,-21.0,0.0,724.278868,15.31665235
-4.192447699999988,103.4075523,0.0,0.0,707.7903,1.288605704
-2.321119700000011,101.0864326,0.0,0.0,571.9726239,6.02769069
10.113567400000008,111.2,27.0,27.0,406.0014,1.404969158
-7.200000000000003,104.0,27.278631580000003,54.27863158,467.758125,1.14684753
-9.243628779999996,94.75637122,-11.278481680000006,43.0001499,360.62997,0.523667424
5.857148379999998,100.6135196,1.9998501000000035,45.0,62.387283,6.817994021
-11.01351960000001,89.6,-20.73333333,24.26666667,322.730622,0.361339032
9.0,98.6,-24.26666667,0.0,625.77906,1.094727338
-1.7999999999999972,96.8,0.0,0.0,660.629194,15.38720317
7.200000000000003,104.0,115.0,115.0,558.0,6.682928518
-8.935509530000004,95.06449047,-87.5249469,27.4750531,1014.6188,14.77299903
-0.0644904699999955,95.0,14.012876459999998,41.48792956,1596.625697,15.13029846
12.599999999999994,107.6,-41.48792956,0.0,1061.289205,3.737466628
-10.266977549999991,97.33302245,20.22650901,20.22650901,474.017992,9.998798583
-0.5330224500000043,96.8,13.845436919999996,34.07194593,308.5,0.337328773
-1.7999999999999972,95.0,1.916908,35.98885393,324.666342,7.786
9.0,104.0,-35.98885393,0.0,1303.456,15.74580082
-10.799999999999995,93.2,18.66666667,18.66666667,385.898184,1.096000277
10.799999999999995,104.0,41.33333333,60.0,503.2454,0.509958853
5.400000000000006,109.4,-21.34825971,38.65174029,670.61355,15.34149563
-7.522927600000003,101.8770724,-38.65174029,0.0,918.57,0.851405093
2.122927599999997,104.0,28.47681233,28.47681233,652.236875,1.872590842
0.0,104.0,0.5546000299999996,29.03141236,683.0,1.135461379
-9.0,95.0,0.0663397900000006,29.09775215,875.7072,7.712181397
4.432021169999999,99.43202117,-29.09775215,0.0,923.60625,5.646756363
-3.892021169999993,95.54,36.95800265,36.95800265,1703.57,15.1527192
12.059999999999988,107.6,93.04199735,130.0,447.32896,0.710299831
7.200000000000003,114.8,-86.8529875,43.1470125,1235.01336,12.44350484
-19.8,95.0,-5.750851560000001,37.39616094,150.09386,14.74095986
9.0,104.0,-37.39616094,0.0,81.520647,5.421549023
-18.0,86.0,38.05078643,38.05078643,1276.87815,9.168977927
7.200000000000003,93.2,-5.100054370000002,32.95073206,460.13169,5.000977408
18.0,111.2,-15.23029817,17.72043389,787.1576,0.810861994
-16.200000000000003,95.0,-16.327823967,1.392609923,135.872,0.07
-0.5803865299999984,94.41961347,65.50708118700001,66.89969111,505.79856,15.0105254
9.580386529999998,104.0,33.100308889999994,100.0,1100.8503,2.245463982
-2.461863500000007,101.5381365,-20.0,80.0,753.396264,9.198196312
11.461863500000009,113.0,-80.0,0.0,745.035,15.34643528
-9.0,104.0,26.0,26.0,440.13064,15.28506814
-5.625390390000007,98.37460961,13.873133799999998,39.8731338,1508.3497,15.24565511
-1.574609609999996,96.8,50.1268662,90.0,1609.50888,5.514370732
10.799999999999995,107.6,-90.0,0.0,1046.49839,1.115877705
-18.0,89.6,24.26666667,24.26666667,327.505809,0.942540437
5.400000000000006,95.0,12.447347550000003,36.71401422,1164.2625,6.542819656
3.7997281699999945,98.79972817,-19.120491540000003,17.59352268,0.0,0.521594421
-1.133917849999989,97.66581032,-17.59352268,0.0,46.22594465,1.171103664
-2.6658103200000056,95.0,22.34718091,22.34718091,309.828847,0.667570373
7.8189794000000035,102.8189794,87.65281909000001,110.0,706.729352,15.51694928
-7.620495030000001,95.19848437,-72.02792219,37.97207781,979.2037281,13.29121981
-0.1984843700000027,95.0,0.1870590099999987,38.15913682,413.24843,8.831580347
0.0,95.0,-9.815217530000002,28.34391929,377.0896,13.74746765
14.400000000000006,109.4,-28.34391929,0.0,867.983578,1.63519851
-9.0,100.4,90.0,90.0,962.662974,0.606809909
3.5999999999999943,104.0,-90.0,0.0,278.90082,1.161275393
-12.599999999999994,91.4,23.73705662,23.73705662,191.05954,0.05
-12.599999999999994,104.0,-38.27301711,0.0,1457.29506,0.261020265
3.5999999999999943,107.6,23.58691626,23.58691626,1017.575615,15.23263976
-7.199999999999989,100.4,-3.586916259999999,20.0,515.966,1.115492265
-0.1834751000000096,100.2165249,-20.0,0.0,774.726239,0.567730689
7.383475099999998,107.6,63.28929228,63.28929228,489.52332,15.51798302
-7.199999999999989,100.4,-13.289292279999998,50.0,1387.89705,1.45369607
7.199999999999989,107.6,58.749937,108.749937,879.53385,9.389196333
-7.272599199999988,100.3274008,-18.749937000000003,90.0,683.60626,5.064681827
-5.327400800000007,95.0,-60.72962902,29.27037098,770.89284,0.848473314
14.400000000000006,109.4,-29.27037098,0.0,738.655028,0.845694227
1.7999999999999972,111.2,0.0,0.0,1926.2240962000003,5.495105526
-18.0,93.2,80.0,80.0,756.286,13.02470945
18.0,111.2,-52.26786716,27.73213284,933.8607,0.769454044
-3.886863200000008,107.3131368,-27.73213284,0.0,762.449185,15.15291666
-12.313136799999995,95.0,1.518329888,1.518329888,162.34452,1.583
12.599999999999994,107.6,35.331698512,36.8500284,983.4552,1.194016562
3.6000000000000085,111.2,34.1122391,70.9622675,574.0,5.465999058
-14.400000000000006,96.8,19.037732500000004,90.0,875.004,15.29846414
3.6000000000000085,100.4,-50.83756022,39.16243978,890.425386,12.29658847
14.399999999999991,114.8,-39.16243978,0.0,1182.481999,4.869284533
-7.200000000000003,107.6,0.0,0.0,1234.82816,10.44828139
-12.999611439999995,94.60038856,29.54599814,29.54599814,1043.08512,6.889705231
5.799611440000007,100.4,10.454001860000002,40.0,1202.5375,0.916168746
-3.6000000000000085,96.8,-40.0,0.0,0.0,5.898798239
21.60000000000001,118.4,100.0,100.0,843.054474,5.934189022
-23.40000000000001,95.0,-64.42929267,35.57070733,0.0,0.909
5.1558358000000055,100.1558358,-3.9051246499999976,31.66558268,1388.556,5.046947617
12.844164199999994,113.0,-31.66558268,0.0,1310.2965,1.273175591
-18.0,95.0,35.02385385,35.02385385,1245.854665,14.99724225
18.0,113.0,-17.574664870000003,17.44918898,551.86703,0.957125762
-5.400000000000006,107.6,9.96977477,27.41896375,619.251048,0.867582851
-4.872501899999989,102.7274981,-27.41896375,0.0,679.275112,6.937516271
1.2725018999999946,104.0,25.05559616,25.05559616,667.7118,0.364947404
-9.0,95.0,5.918960869999999,30.97455703,334.05476,0.161
16.200000000000003,111.2,5.572889310000001,36.54744634,1868.5268,1.278757914
0.0,104.0,-20.44805759,29.55194241,338.38185,3.62556643
-4.712237819999999,99.28776218,-29.55194241,0.0,1239.66,15.07171339
4.712237819999999,104.0,0.0,0.0,87.4493586,1.232204725
-8.304991720000004,95.69500828,0.0,0.0,1926.2240962000003,0.812644108
-0.6950082799999961,95.0,25.7860861,25.7860861,860.57875,6.699117231
0.0,95.0,-2.3951239399999977,23.39096216,526.2555,14.78156833
-0.9132512999999988,94.0867487,3.146481999999999,26.53744416,570.903048,14.75581901
6.313251300000005,100.4,-1.2592670300000002,25.27817713,345.2346,15.41676676
0.559069799999989,100.9590698,3.278505169999999,28.5566823,512.74348,4.289803639
-13.159069799999996,87.8,14.86905102,43.42573332,1332.13686,1.609118789
16.200000000000003,104.0,-4.889670639999999,38.53606268,904.13901,15.28625285
7.200000000000003,111.2,-25.3043236,13.23173908,904.80174,2.361060584
-16.200000000000003,95.0,20.372763000000003,33.60450208,514.706351,5.403
4.185464039999999,99.18546404,20.3462602,53.95076228,983.204375,15.20934625
-4.947658860000004,94.23780518,19.188632970000008,73.13939525,317.02059,1.40608816
13.36219482,107.6,26.86060475,100.0,1332.9072,6.020804523
-10.799999999999995,96.8,-100.0,0.0,260.59982,0.85541485
0.0,96.8,0.0,0.0,732.27315,0.504083751
14.400000000000006,111.2,24.49978276,24.49978276,730.90152,0.622551919
-21.60000000000001,89.6,-24.49978276,0.0,148.556052,0.648689595
0.0,89.6,51.33333333,51.33333333,47.4480526,0.987017135
0.3599999999999994,89.96,-13.887716680000004,37.44561665,575.15568,0.383
5.040000000000006,95.0,92.55438335,130.0,1048.458168,1.836352532
-7.200000000000003,87.8,-15.0,115.0,967.6608,3.307272532
16.200000000000003,104.0,-15.0,100.0,345.42804,6.929878639
-9.806960599999996,94.1930394,-84.53498891,15.46501109,84.32,0.235706118
0.8069605999999965,95.0,22.255025,37.72003609,663.389547,5.95
-3.5999999999999943,91.4,82.27996390999999,120.0,743.919314,0.705717252
9.0,100.4,-60.0,60.0,600.0423,0.886710516
-5.400000000000006,95.0,-26.04470102,33.95529898,417.71882,1.209589857
3.5999999999999943,98.6,-33.95529898,0.0,905.179023,4.926459306
4.41244300000001,103.012443,127.1118843,127.1118843,1120.7593,8.763217867
-15.212443000000007,87.8,-47.01634246,80.09554184,1219.971665,15.26492812
7.200000000000003,95.0,-61.27385713,18.82168471,176.70501,0.127823057
18.0,113.0,-18.82168471,0.0,403.377204,7.454721084
-18.0,95.0,18.3191667,18.3191667,120.045,0.85
9.0,104.0,33.225611619999995,51.54477832,608.58028,0.580135071
9.0,113.0,-28.28917716,23.25560116,474.172607,0.362093218
-9.0,104.0,12.599024779999995,35.85462594,465.0722685,15.23526417
3.5999999999999943,107.6,-10.036443069999995,25.81818287,1227.6334,8.782922242
3.6000000000000085,111.2,6.612037690000001,32.43022056,623.79567,1.409688758
-25.200000000000003,86.0,6.525390009999995,38.95561057,1631.0354,8.823790141
9.0,95.0,-7.476466719999998,31.47914385,847.3752,14.9459081
18.0,113.0,48.52085615,80.0,492.395166,6.214487053
-9.0,104.0,-46.21229304,33.78770696,292.38748,0.595156171
0.0,104.0,46.21229304,80.0,1181.40922,1.789617911
0.0,104.0,-56.23815733,23.76184267,362.28128,15.44915627
5.400000000000006,109.4,76.23815733,100.0,981.181,5.338117672
12.599999999999994,122.0,-100.0,0.0,1086.7728,6.22721644
-18.0,104.0,6.562436972,6.562436972,1239.96045,15.15599759
-9.0,95.0,-6.562436972,0.0,114.92374,2.176921126
0.7199999999999989,95.72,34.76452045,34.76452045,769.8708474,14.84586619
5.061468700000006,100.7814687,-34.76452045,0.0,789.46708,6.042671366
-3.0261828699999995,97.75528583,40.93931,40.93931,724.680138,2.335059712
-8.155285830000011,89.6,49.06069,90.0,852.743392,5.144369864
14.400000000000006,104.0,-90.0,0.0,571.73402,0.371698119
-2.745180700000006,101.2548193,21.33760047,21.33760047,481.61088,0.097059801
2.745180700000006,104.0,-0.6444957900000006,20.69310468,503.668025,0.564209795
-7.200000000000003,96.8,79.30689532,100.0,720.2428,15.35429698
5.291508399999998,102.0915084,-52.70798891,47.29201109,1164.633584,3.02838498
-3.4027455099999884,98.68876289,-17.386335490000004,29.9056756,1087.5296,13.5220657
-7.288762890000001,91.4,-0.2759125599999983,29.62976304,200.8125,1.526554857
7.939310739999996,99.33931074,9.79605189,39.42581493,644.43897,4.827356366
-4.339310740000002,95.0,-12.92370755,26.50210738,671.07916,15.01347312
7.450052400000004,102.4500524,73.49789262,100.0,725.382516,9.150562746
14.14994759999999,116.6,-100.0,0.0,490.88625,9.313547401
-19.8,96.8,0.0,0.0,1015.3692,15.57300346
-1.7999999999999972,95.0,33.77349213,33.77349213,347.14051,5.687459462
0.0,95.0,-33.77349213,0.0,169.215314,1.631319987
0.0,95.0,36.73670514,36.73670514,1142.04,14.75248571
9.0,104.0,93.26329486,130.0,1552.25496,15.47928904
3.5999999999999943,107.6,-130.0,0.0,1055.38356,6.40832091
5.400000000000006,113.0,0.0,0.0,440.221216,1.952688066
-18.0,95.0,36.65334139,36.65334139,808.83052,6.457861635
3.499673619999996,98.49967362,13.34665861,50.0,445.817736,1.54913543
0.1003263799999985,98.6,-50.0,0.0,1169.50795,9.916192982
0.2216171000000031,98.8216171,30.68864939,30.68864939,244.87538,0.185318056
23.178382900000003,122.0,-0.560807859999997,30.12784153,453.561564,0.565184812
-22.383184920000005,99.61681508,-30.12784153,0.0,753.9987,0.270870076
11.583184920000008,111.2,100.0,100.0,800.744268,5.418632751
-7.200000000000003,104.0,-36.0802853,63.9197147,1204.8283,7.383169028
-6.7249485499999935,97.27505145,22.20025206,86.11996676,574.908516,6.843318803
4.482356149999987,101.7574076,-86.11996676,0.0,461.012162,15.22010576
-6.757407599999993,95.0,39.01238103,39.01238103,1065.35884,0.27
6.259169900000003,101.2591699,-6.890114599999997,32.12226643,920.88902,8.879727425
-4.69211734000001,96.56705256,6.244147909999995,38.36641434,1297.835066,15.22596374
7.432947440000007,104.0,-16.20844576,22.15796858,747.40008,1.174013238
9.0,113.0,12.84203142,35.0,501.664875,0.305162039
-5.400000000000006,107.6,-12.12217136,22.87782864,609.909375,2.408527438
-3.5999999999999943,104.0,57.12217136,80.0,793.796412,9.006531357
-9.0,95.0,-55.20321771,24.79678229,594.196086,0.94
9.0,104.0,31.023010180000004,55.81979247,1123.136342,15.41234566
-12.599999999999994,91.4,-17.527344240000005,38.29244823,1364.268763,6.563272274
-1.8000000000000114,89.6,41.70755177,80.0,1319.8122,6.465162847
14.400000000000006,104.0,-51.87189312,28.12810688,482.6906,1.057387801
0.0,104.0,4.518350690000002,32.64645757,782.90625,1.265301133
-14.400000000000006,89.6,-32.64645757,0.0,999.64676,6.40832091
10.800000000000011,100.4,0.0,0.0,966.35,1.723559088
-7.200000000000003,93.2,70.17846161,70.17846161,148.833277,0.831356308
5.482807100000002,98.6828071,-70.17846161,0.0,581.429555,15.00392707
5.317192899999995,104.0,90.0,90.0,661.54697,0.483844025
0.0,104.0,-5.0,85.0,990.48346,5.993683782
-2.307299700000001,101.6927003,-45.24783934,39.75216066,975.8477152,15.1471576
-3.5999999999999943,100.4,48.0,48.0,500.28645,1.13235057
-5.400000000000006,95.0,67.0,115.0,1500.0,12.13750218
-0.5400000000000063,94.46,-81.59679167,33.40320833,681.00227,0.093
0.5400000000000063,95.0,24.88471681,58.28792514,691.759296,15.37741711
0.0,95.0,56.71207486,115.0,1462.3076,7.497313296
0.0,95.0,-74.13639857999999,40.86360142,1169.910563,14.80589268
0.0,95.0,15.65410076,56.51770218,763.3052739,14.97742305
12.599999999999994,107.6,3.4822978199999994,60.0,396.38544,8.353334652
-14.399999999999991,93.2,-28.89676988,31.10323012,451.099306,0.870334877
10.799999999999995,104.0,-31.10323012,0.0,618.53674,6.059188523
-9.0,95.0,20.93005911,20.93005911,409.878,0.17
0.0,95.0,-16.691761013999997,4.238298096,237.168,0.09
0.0,95.0,22.371773594,26.61007169,311.2838,1.5
5.400000000000006,100.4,-0.2247890900000015,26.3852826,684.077084,1.01071338
14.399999999999991,114.8,-26.3852826,0.0,296.31879,0.717192329
-10.799999999999995,104.0,34.38526644,34.38526644,414.63765,5.030422558
-9.0,95.0,3.6854248100000007,38.07069125,916.87686,0.277
3.5999999999999943,98.6,-38.07069125,0.0,683.24697,6.483021787
-3.311369759999991,95.28863024,20.5769358,20.5769358,634.1181,0.291667386
0.0,104.0,0.0,0.0,861.8235384,15.32580124
3.5999999999999943,107.6,0.0,0.0,1286.36235,1.081701918
-15.049417489999996,92.55058251,35.58614574,35.58614574,1175.9145,1.479180305
20.44941749,113.0,41.946680410000006,77.53282615,822.6307376,15.63869695
-18.0,95.0,-42.82145278000001,34.71137337,1028.664,14.90424879
12.599999999999994,107.6,-20.23707928,14.47429409,165.760875,0.91373859
-6.296874699999989,101.3031253,-14.47429409,0.0,46.22594465,1.410416152
0.062644800000001,101.3657701,0.0,0.0,78.61779,5.633708741
2.634229899999994,104.0,100.0,100.0,598.05138,1.508820108
0.0,104.0,-40.0,60.0,674.029512,1.132452614
-7.503646619999998,96.49635338,-30.96688847,29.03311153,373.006569,5.955577228
7.503646619999998,104.0,-29.03311153,0.0,428.76219,5.14292099
-6.628691110000005,97.37130889,0.0,0.0,729.49032,9.491031435
3.028691110000011,100.4,60.0,60.0,402.84712,5.162329155
-4.164033310000008,96.23596669,-21.692478540000003,38.30752146,759.95569,9.572715441
4.185146709999998,100.4211134,11.692478540000003,50.0,589.80278,0.921783244
10.778886600000009,111.2,-14.181987409999998,35.81801259,552.1,12.79464251
-16.729275360000003,94.47072464,-10.610009400000004,25.20800319,546.875,5.906
22.12927536,116.6,54.543205240000006,79.75120843,453.23228,15.1604516
-21.599999999999994,95.0,-79.75120843,0.0,1069.01688,1.232204725
6.174673400000003,101.1746734,11.10713481,11.10713481,68.454036,0.33
2.825326599999997,104.0,33.65164525,44.75878006,1139.9214,6.472761939
9.0,113.0,45.24121994,90.0,1434.936932,5.706910121
3.5999999999999943,116.6,-65.42404929,24.57595071,0.0,1.141327966
-12.599999999999994,104.0,-24.57595071,0.0,1287.8592,15.7127396
-9.471454390000003,94.52854561,16.92719589,16.92719589,122.125328,1.1090553
-4.9285456100000005,89.6,72.19379749999999,89.12099339,494.23156,0.948465722
18.0,107.6,-65.52043146,23.60056193,198.074376,0.952746354
3.6000000000000085,111.2,6.816417899999998,30.41697983,840.51495,15.62872558
0.0,111.2,-1.100209289999999,29.31677054,1072.87191,0.555554753
-25.200000000000003,86.0,-29.31677054,0.0,46.504887,0.47285432
18.0,104.0,80.0,80.0,445.98939,0.646777082
3.5999999999999943,107.6,-70.4485036,9.5514964,428.861,1.164314657
-10.780818139999994,96.81918186,12.607910170000002,22.15940657,134.658823,0.222261201
-10.81918186,86.0,18.01023593,40.1696425,1926.2240962000003,0.57250421
3.5999999999999943,89.6,-10.169642500000002,30.0,330.34625,2.696084305
5.400000000000006,95.0,-30.0,0.0,498.714932,1.250450181
9.0,104.0,31.81549024,31.81549024,396.82141,0.557547179
18.0,122.0,-31.81549024,0.0,638.29356,5.896252361
-25.200000000000003,96.8,80.0,80.0,528.50811,7.450857759
-2.7582750699999963,94.04172493,-53.677915850000005,26.32208415,552.29073,14.74839325
7.205782869999993,101.2475078,73.67791585,100.0,808.618332,5.003285817
-1.620295519999999,99.62721228,-70.76596098,29.23403902,682.27302,1.095348284
-3.395991269999996,96.23122101,6.993366169999998,36.22740519,584.120859,8.147826449
-1.2312210099999987,95.0,2.422394660000002,38.64979985,1125.59598,9.148660782
-3.5999999999999943,91.4,-38.64979985,0.0,789.44143,10.03986903
12.599999999999994,104.0,28.09534763,28.09534763,1142.15625,0.411782149
-14.400000000000006,89.6,-28.09534763,0.0,404.8,1.13968381
5.400000000000006,95.0,45.81014936,45.81014936,1286.472,15.23306954
0.0,104.0,89.96905437,89.96905437,88.756272,5.087729023
-9.0,95.0,-89.96905437,0.0,180.4166,0.931046041
9.0,104.0,58.6847244,58.6847244,915.7958559,8.987966035
0.0,104.0,-31.90822701,26.77649739,86.264153,0.6076575
3.5999999999999943,107.6,-10.351072679999998,16.42542471,602.199105,0.828683136
-3.9409651999999937,103.6590348,7.326621629999998,23.75204634,341.1479072,2.8664639
-1.9172444000000013,101.7417904,10.04010778,33.79215412,392.745264,1.203548801
2.2582096000000007,104.0,2.4818531399999983,36.27400726,1207.15438,5.025562246
18.0,122.0,-36.27400726,0.0,912.090515,1.715921456
-27.0,95.0,40.94243998,40.94243998,0.0,0.90531405
15.296376699999996,103.0963767,-91.12167613,28.87832387,880.4895,6.289542971
-2.696376699999988,100.4,7.255314510000002,36.13363838,379.005494,1.362044479
0.0,100.4,-36.13363838,0.0,940.027899,15.3491679
-6.701548280000012,93.69845172,39.73720048,39.73720048,662.4087,14.1731548
1.8330064400000048,95.53145816,-6.140432669999996,33.59676781,589.3497,11.81397266
1.2685418399999977,96.8,-3.341943510000004,30.2548243,1363.6256,0.417523915
-0.1799999999999926,96.62,6.938364430000004,37.19318873,615.1671363,15.12460615
7.3799999999999955,104.0,12.806811269999995,50.0,584.037805,1.348923418
-9.0,95.0,-9.49189553,40.50810447,1191.2985,14.81399066
-2.3048642899999976,92.69513571,-8.200714820000002,32.30738965,1894.347,5.169201081
4.104864289999995,96.8,37.24501777,69.55240742,363.84,15.52145498
6.084048899999999,102.8840489,40.447592580000006,110.0,869.447502,15.55846134
-16.884048899999996,86.0,-50.0,60.0,171.827354,1.997051274
20.143275700000004,106.1432757,-60.0,0.0,94.9922079,1.986166356
-11.143275700000004,95.0,33.68994171,33.68994171,731.6235,14.79657816
0.0,95.0,-33.68994171,0.0,218.302,2.229910985
-4.140000000000001,90.86,38.86537816,38.86537816,460.5075,0.572
3.161542819999994,94.02154282,-17.184568239999997,21.68080992,46.22594465,0.395380701
13.57845718,107.6,68.31919008,90.0,470.164695,11.83158098
-5.684601799999996,101.9153982,-66.66666667,23.33333333,683.4051,1.708399545
2.084601800000001,104.0,106.66666667,130.0,1331.5172,15.44667785
-8.280000000000001,95.72,-98.82266813,31.17733187,1001.77903,14.85500521
4.680000000000007,100.4,-31.17733187,0.0,336.0066552,12.26094619
-6.70842497000001,93.69157503,29.88297236,29.88297236,701.65206,10.43138063
19.308424970000004,113.0,-29.88297236,0.0,178.04556,1.035364926
-18.24320147,94.75679853,31.16167218,31.16167218,1222.83755,3.796472187
9.243201470000002,104.0,24.70497574,55.86664792,623.78992,6.410859073
0.0,104.0,14.133352080000002,70.0,622.856952,5.155402
1.4957732999999962,105.4957733,-70.0,0.0,122.73492,1.275662262
2.104226699999998,107.6,30.7100956,30.7100956,1027.61032,6.069964098
-10.799999999999995,96.8,39.2899044,70.0,835.9858,15.38508761
7.200000000000003,104.0,15.421330580000005,85.42133058,1085.1867,9.688070514
-14.579999999999998,89.42,-71.85997883,13.56135175,315.6485,9.318
8.215187669999992,97.63518767,-13.56135175,0.0,46.22594465,1.321310438
9.96481233,107.6,74.66666667,74.66666667,321.812184,1.909408148
0.0,107.6,-4.666666669999998,70.0,496.53156,3.317340517
-12.599999999999994,95.0,-33.90740235,36.09259765,1175.9748,14.9641294
1.9971584200000048,96.99715842,-36.09259765,0.0,1452.70125,7.639923882
3.4028415800000005,100.4,110.0,110.0,113.50446,2.38641302
-7.200000000000003,93.2,-20.0,90.0,529.891875,2.696084305
28.8,122.0,-57.34322588,32.65677412,1069.38936,15.47150719
0.0,95.0,6.397469520000001,21.91234245,447.732327,1.643419291
9.0,104.0,-21.91234245,0.0,709.069165,5.555223185
-9.0,95.0,38.23626066,38.23626066,1249.71984,2.424854734
27.0,122.0,-38.23626066,0.0,666.56824,2.337809903
-20.9883093,101.0116907,30.0,30.0,0.0,5.082164013
-7.8116907,93.2,90.0,120.0,1040.74638,7.139232661
9.892822600000002,103.0928226,-120.0,0.0,578.750926,1.909035581
-8.092822600000005,95.0,106.7579278,106.7579278,1089.704946,5.92642101
12.599999999999994,107.6,-106.7579278,0.0,200.824352,1.177053649
-11.088983569999996,96.51101643,50.0,50.0,553.274178,14.99294891
11.088983569999996,107.6,-50.0,0.0,957.2976,1.003075747
-3.930090799999988,103.6699092,23.07209119,23.07209119,507.9243,0.873615166
-6.869909200000009,96.8,-23.07209119,0.0,1110.37712,7.281718913
18.0,114.8,111.4055993,111.4055993,1098.981,15.5792532
-9.0,105.8,-86.66169334,24.74390596,1167.9228,1.24747999
-10.799999999999995,95.0,12.081784990000004,36.82569095,1926.2240962000003,0.79
12.599999999999994,107.6,-2.6253425300000046,34.20034842,954.70936,0.602167033
-11.479079379999988,96.12092062,-10.090774649999997,24.10957377,238.3125,0.283713264
-1.1209206200000068,95.0,11.66285462,35.77242839,1031.94,14.81480529
0.0,95.0,-32.582267314,3.190161076,46.22594465,0.19
12.599999999999994,107.6,34.989427424,38.1795885,811.27396,9.595523104
-3.605854799999989,103.9941452,-4.10072838,34.07886012,1700.36482,11.0771961
-8.814145199999999,95.18,13.58032256,47.65918268,701.45,6.39
8.819999999999993,104.0,52.34081732,100.0,1605.681,15.34013231
0.0,104.0,-100.0,0.0,500.98035,6.479258316
-9.0,95.0,103.1028147,103.1028147,732.6894062,7.586833455
2.0240915899999976,97.02409159,-103.1028147,0.0,690.26424,1.570806436
14.175908410000003,111.2,80.0,80.0,1267.7665,1.147507726
-10.799999999999995,100.4,-80.0,0.0,467.39165,3.615146094
3.5999999999999943,104.0,30.55752663,30.55752663,844.2168,5.122057214
-9.0,95.0,-0.6460443000000033,29.91148233,967.2049926,7.702
12.599999999999994,107.6,-6.655832989999997,23.25564934,631.81042,2.263719787
-5.7274362,101.8725638,21.74435066,45.0,787.20625,1.043130887
5.7274362,107.6,76.7168154,121.7168154,1294.16852,0.592009668
-3.5999999999999943,104.0,-104.30172403,17.41509137,648.62231,2.658914493
7.200000000000003,111.2,-17.41509137,0.0,446.4507138,15.12174941
-16.200000000000003,95.0,35.15995099,35.15995099,658.93035,9.98
-1.7999999999999972,93.2,-0.4068770299999968,34.75307396,718.5856596,0.49296588
1.7999999999999972,95.0,-34.75307396,0.0,1772.8365,1.24830888
5.090703199999993,100.0907032,31.43767711,31.43767711,687.097,3.554415236
-5.090703199999993,95.0,13.053133589999998,44.4908107,571.8118932,1.048194799
3.598228669999997,98.59822867,-5.198187429999997,39.29262327,1440.065499,15.2590938
0.0017713299999968,98.6,4.029784120000002,43.32240739,420.64308,15.2107611
-1.794799189999992,96.80520081,-7.800124700000005,35.52228269,753.9110136,0.531744366
7.194799189999998,104.0,-13.007454919999995,22.51482777,1123.52694,0.68433188
0.0,104.0,-22.51482777,0.0,632.303125,14.82209898
-3.5999999999999943,100.4,60.0,60.0,333.16218,2.837896564
-5.400000000000006,95.0,-60.0,0.0,250.74,14.85547464
1.7999999999999972,96.8,90.0,90.0,1668.2362,6.998081358
2.1599999999999966,98.96,-54.2145178,35.7854822,837.21738,15.18157121
-2.50207202,96.45792798,1.9319246700000008,37.71740687,354.86,0.75949517
25.54207202000001,122.0,-22.285616659999995,15.43179021,125.904658,0.259789028
-18.0,104.0,53.93503239,69.3668226,62.2578,1.02089689
-9.0,95.0,50.6331774,120.0,973.661094,14.90003043
0.0,95.0,-70.0,50.0,865.3304,0.941338217
0.0,95.0,-33.4817949,16.5182051,162.574672,0.251629047
5.400000000000006,100.4,17.123757540000003,33.64196264,845.635,14.98199554
3.5999999999999943,104.0,-3.7287834700000033,29.91317917,1037.41315,0.963600813
-9.0,95.0,5.596104660000002,35.50928383,481.952142,0.301
27.0,122.0,-35.50928383,0.0,974.0637,1.291347418
-25.200000000000003,96.8,35.0,35.0,314.483774,0.714465813
3.6000000000000085,100.4,-5.638693679999999,29.36130632,851.1341,2.133445371
3.5999999999999943,104.0,-29.36130632,0.0,454.923924,14.80294808
-3.5999999999999943,100.4,88.45548426,88.45548426,775.189861,15.19357762
7.199999999999989,107.6,-66.31137267,22.14411159,707.5971,1.041915181
0.0,107.6,-22.14411159,0.0,565.2392429,0.850323095
-8.854334009999988,98.74566599,130.0,130.0,1134.64876,9.861781309
-3.745665990000006,95.0,-30.0,100.0,371.15444,0.248667108
12.599999999999994,107.6,30.0,130.0,589.814414,7.197365505
5.400000000000006,113.0,-43.55734416999999,86.44265583,975.25332,6.390152602
-21.599999999999994,91.4,-6.442655830000007,80.0,765.0427,0.445704415
19.8,111.2,-50.33379904,29.66620096,1115.05685,0.318107397
-10.799999999999995,100.4,-29.66620096,0.0,770.34531,15.173898
-5.779838210000008,94.62016179,30.0,30.0,354.53225,1.533428325
2.2935458799999964,96.91370767,2.666666669999998,32.66666667,265.08978,0.602881137
14.286292330000007,111.2,-1.6843962999999995,30.98227037,1177.7978,8.331671657
-3.886863200000008,107.3131368,-30.98227037,0.0,762.449185,15.15291666
-3.313136799999995,104.0,35.22501042,35.22501042,506.41176,5.599316109
9.0,113.0,-8.807283129999998,26.41772729,696.91875,0.561987663
-18.0,95.0,1.94141952,28.35914681,721.784936,9.993
10.799999999999995,105.8,-28.35914681,0.0,444.441261,1.481328156
-1.7999999999999972,104.0,80.0,80.0,793.02558,10.62057217
-18.0,86.0,-20.0,60.0,183.205504,5.345095087
9.0,95.0,-53.114745297,6.885254703,152.5166871,0.370435335
7.170620299999996,102.1706203,93.114745297,100.0,882.4025387,7.403411859
1.829379700000004,104.0,-100.0,0.0,844.9853023,15.32064581
0.0,104.0,90.0,90.0,1464.21828,1.554351374
-9.42312337,94.57687663,-50.0,40.0,286.956,1.283122275
-4.976876630000007,89.6,60.0,100.0,1108.65562,9.40210334
5.400000000000006,95.0,-73.32613633,26.67386367,143.12844,0.080260989
0.0,100.4,-30.81714693,59.18285307,721.563309,9.974748165
-2.821756470000011,97.57824353,0.8171469299999998,60.0,659.34024,14.89235489
5.013495570000004,102.5917391,60.0,120.0,776.25702,9.690827476
-7.591739099999998,95.0,-87.27235149,32.72764851,1072.286,14.88096448
16.200000000000003,111.2,52.38645191,85.11410042,1673.84082,9.317483256
-10.799999999999995,100.4,-85.11410042,0.0,345.183965,15.22545507
3.5999999999999943,104.0,70.0,70.0,900.51561,11.62373167
-7.460155159999999,96.53984484,-30.231550400000003,39.7684496,696.380256,3.172
2.60015516,99.14,2.054982460000005,41.82343206,1815.545525,0.935
-4.140000000000001,95.0,-6.634053790000003,35.18937827,846.42465,0.038179707
-2.1733220699999976,92.82667793,-24.01631815,11.17306012,601.342884,0.180546916
-1.4266779299999968,91.4,28.10284128,39.2759014,1012.0302,7.903308153
3.059999999999988,94.46,-11.32509173,27.95080967,617.4,0.005
-3.059999999999988,91.4,19.72638759,47.67719726,1313.693,15.31667835
12.599999999999994,104.0,2.32280274,50.0,358.84782,7.84639455
-9.0,95.0,-34.01346248,15.98653752,227.26875,0.333
11.000521300000004,106.0005213,49.01346248,65.0,864.18504,9.854677477
-9.77179332,96.22872798,-28.46784116,36.53215884,866.06325,13.55047975
7.771272019999998,104.0,-36.53215884,0.0,382.4886696,0.572822444
0.0,104.0,37.64422205,37.64422205,1367.19171,14.36180433
-6.480000000000004,97.52,-9.363439990000003,28.28078206,454.22589,9.232
15.480000000000004,113.0,-0.0544861700000005,28.22629589,1001.00496,15.57842134
-9.0,104.0,-9.559629219999998,18.66666667,467.59207,0.55452765
-3.5999999999999943,100.4,70.23782704,88.90449371,92.3967,9.97358484
7.199999999999989,107.6,-28.90449371,60.0,567.3908,2.429912809
-12.599999999999994,95.0,-29.95897262,30.04102738,199.3,0.297
9.0,104.0,-30.04102738,0.0,1279.71392,15.12187929
-4.923647090000003,99.07635291,25.90541185,25.90541185,276.83769,0.159664163
-2.27635291,96.8,44.09458815,70.0,826.519788,0.552455424
10.799999999999995,107.6,-70.0,0.0,289.64679,1.140553134
-14.399999999999991,93.2,38.2477252,38.2477252,593.414682,0.793397274
19.8,113.0,51.7522748,90.0,1434.936932,5.706910121
-18.0,95.0,20.0,110.0,856.1817,1.255768894
14.400000000000006,109.4,-110.0,0.0,721.427877,0.593944199
-10.800000000000011,98.6,0.0,0.0,1344.76056,15.35862178
-5.399999999999992,93.2,130.0,130.0,767.202192,0.803478949
12.599999999999994,105.8,-103.89878674,26.10121326,845.93,1.460888174
9.0,114.8,-26.10121326,0.0,945.22986,15.42162166
-19.8,95.0,22.61613153,22.61613153,308.2972185,1.291563869
12.599999999999994,107.6,87.38386847,110.0,1174.2612,15.57853622
1.8000000000000114,109.4,-15.543230750000006,94.45676925,1126.77714,15.45344523
-9.70123305,99.69876695,-74.95470017,19.50206908,1052.06981,14.78463069
-3.618766950000008,96.08,23.249202760000003,42.75127184,1036.1637,0.63
4.320000000000007,100.4,87.24872816,130.0,1001.1,15.34411375
-7.200000000000003,93.2,-90.4339875,39.5660125,272.820618,0.59098928
1.7999999999999972,95.0,-8.75091347,30.81509903,411.7881528,0.88
12.599999999999994,107.6,-30.81509903,0.0,1604.81026,0.779038524
-8.640780059999997,98.95921994,0.0,0.0,1790.60945,13.62248149
-3.959219939999997,95.0,40.84145159,40.84145159,1197.125,9.803852531
10.5066219,105.5066219,-40.84145159,0.0,149.146134,1.405324397
-10.5066219,95.0,38.33869197,38.33869197,770.80893,8.233367934
0.0,95.0,-3.729703690000001,34.60898828,720.16735,1.058256006
19.8,114.8,-34.60898828,0.0,57.6288,1.259650527
-15.226873549999992,99.57312645,33.47126383,33.47126383,756.92232,0.281224551
-4.573126450000004,95.0,-33.47126383,0.0,1317.09414,6.880743202
9.0,104.0,37.41631819,37.41631819,642.8635011,1.860029965
-5.613736220000007,98.38626378,-27.934261552,9.482056638,337.856538,0.206894994
-3.386263779999993,95.0,7.496177372000002,16.97823401,408.8448,0.2
9.0,104.0,24.63068667,41.60892068,1124.7482,2.200703903
0.0,104.0,38.39107932,80.0,921.909,15.50063858
16.200000000000003,120.2,-80.0,0.0,688.02435,1.616632232
-23.40000000000001,96.8,0.0,0.0,155.11127,1.097407209
18.0,114.8,97.58996639,97.58996639,300.32142,5.567486995
-19.8,95.0,-55.38499629,42.2049701,1923.92705,1.06711276
27.0,122.0,-4.791383519999997,37.41358658,466.44603,9.324
